{
  "\u540D\u79F0": "SixRens.DefaultPlugins",
  "\u7248\u672C\u53F7": "1.4.0",
  "\u7F51\u5740": "https://github.com/YiJingFramework/sixrens-defaultplugins.git",
  "\u4E3B\u7A0B\u5E8F\u96C6": "SixRens.DefaultPlugins.dll",
  "\u63D2\u4EF6\u7C7B": [
    "SixRens.DefaultPlugins.\u5730\u76D8.\u5730\u76D8\u9ED8\u8BA4",
    "SixRens.DefaultPlugins.\u5929\u76D8.\u5929\u76D8\u6708\u5C06\u52A0\u65F6",
    "SixRens.DefaultPlugins.\u56DB\u8BFE.\u56DB\u8BFE\u9ED8\u8BA4",
    "SixRens.DefaultPlugins.\u4E09\u4F20.\u4E09\u4F20\u6D89\u5BB3\u6DF1\u6D45",
    "SixRens.DefaultPlugins.\u5929\u5C06.\u5929\u5C06\u7532\u620A\u5E9A\u725B\u7F8A\u58EC\u7678\u86C7\u5154\u85CF",
    "SixRens.DefaultPlugins.\u5E74\u547D.\u5E74\u547D\u9ED8\u8BA4",
    "SixRens.DefaultPlugins.\u795E\u715E.\u795E\u715E\u6D4B\u8BD5",
    "SixRens.DefaultPlugins.\u8BFE\u4F53.\u8BFE\u4F53\u6D4B\u8BD5",
    "SixRens.DefaultPlugins.\u53C2\u8003.\u53C2\u8003\u6D4B\u8BD5"
  ]
}